ID,Probability
2308,0.442
22404,0.114
23397,0.286
25058,0.236
2664,0.28
8511,0.168
5148,0.504
7790,0.094
11311,0.074
19043,0.328
10784,0.906
22246,0.112
3268,0.276
15947,0.912
14977,0.57
14474,0.088
28694,0.028
14054,0.274
26545,0.194
14980,0.898
17636,0.12
3931,0.324
8387,0.336
8028,0.106
9482,0.176
22572,0.26
15107,0.108
3673,0.874
21388,0.336
5937,0.264
27033,0.23
29271,0.522
21880,0.314
6508,0.154
21457,0.122
20071,0.14
27012,0.168
10092,0.086
22567,0.14
12976,0.58
3813,0.22
7337,0.14
24483,0.348
19592,0.342
5121,0.786
14905,0.198
8223,0.614
2868,0.238
2342,0.278
8832,0.206
7932,0.802
16557,0.232
20604,0.148
12983,0.286
3014,0.048
27331,0.14
12124,0.104
3752,0.23
27387,0.412
12335,0.086
11544,0.47
11356,0.676
2676,0.498
28738,0.306
29995,0.234
20747,0.158
13375,0.22
17986,0.63
7885,0.13
13332,0.222
9585,0.54
6332,0.438
24429,0.196
18079,0.294
5201,0.32
747,0.326
9760,0.264
29612,0.38
19992,0.388
23189,0.104
25535,0.066
17963,0.338
25246,0.074
5081,0.256
9350,0.118
10982,0.566
23621,0.138
13235,0.27
19367,0.352
1190,0.174
821,0.436
15878,0.312
20497,0.7
9419,0.552
28100,0.214
8892,0.258
4461,0.238
25229,0.19
29985,0.37
12606,0.38
25978,0.292
19132,0.332
14740,0.316
12146,0.152
2744,0.292
10114,0.356
2383,0.542
9153,0.338
1406,0.126
16560,0.168
19361,0.288
10342,0.274
27756,0.356
17614,0.882
19906,0.838
24530,0.378
27308,0.586
17788,0.684
13075,0.236
22089,0.368
28573,0.11
20568,0.74
17890,0.308
16837,0.338
6552,0.24
19637,0.556
18294,0.69
2876,0.49
2982,0.12
17410,0.11
15162,0.142
2153,0.156
18700,0.646
7667,0.346
15243,0.036
16857,0.264
13961,0.21
217,0.702
23287,0.288
2213,0.182
6580,0.16
27602,0.022
19376,0.13
7539,0.26
14976,0.824
10128,0.712
5705,0.09
5953,0.072
538,0.284
21663,0.212
21567,0.322
28982,0.056
7427,0.354
20725,0.216
4181,0.262
18701,0.268
15414,0.408
12154,0.738
579,0.312
2168,0.522
24419,0.228
250,0.608
15692,0.782
9971,0.18
16180,0.176
11489,0.222
9144,0.926
29432,0.438
25790,0.202
5771,0.162
26746,0.698
2325,0.256
15430,0.518
430,0.06
10768,0.824
2532,0.132
2457,0.618
19186,0.08
27235,0.784
22291,0.366
11212,0.144
505,0.44
23112,0.248
18779,0.196
19082,0.196
17894,0.732
19006,0.144
19690,0.176
27093,0.394
23179,0.456
12626,0.346
3834,0.502
1330,0.194
21466,0.072
23828,0.142
2541,0.836
28612,0.358
21995,0.04
11899,0.106
25872,0.088
26225,0.028
15805,0.26
9555,0.178
7567,0.058
3507,0.108
8834,0.154
18784,0.106
29857,0.498
23587,0.162
28267,0.134
5844,0.312
26476,0.13
24198,0.408
28881,0.292
4845,0.488
4985,0.652
23399,0.58
25569,0.666
20262,0.22
20856,0.41
26822,0.502
9317,0.196
25506,0.03
14847,0.146
7842,0.26
28647,0.37
29984,0.284
13048,0.82
25099,0.452
14856,0.378
25013,0.306
10739,0.59
16094,0.536
2208,0.61
18840,0.63
28272,0.262
22372,0.104
2266,0.144
5226,0.092
28301,0.8
21578,0.268
20122,0.26
17892,0.482
20927,0.43
13022,0.686
20736,0.816
27366,0.078
11740,0.252
6547,0.192
3282,0.272
15614,0.742
23661,0.178
2276,0.31
26050,0.324
12354,0.192
16485,0.114
19535,0.038
18673,0.154
8696,0.784
22564,0.134
16379,0.756
25294,0.114
28680,0.196
24991,0.33
29669,0.24
5836,0.178
10235,0.216
22824,0.03
279,0.194
22376,0.822
25273,0.344
5160,0.172
29752,0.472
3690,0.268
5915,0.318
11578,0.056
18078,0.182
19536,0.672
26023,0.064
29719,0.442
21739,0.568
25743,0.648
20552,0.134
11702,0.234
11514,0.584
9006,0.834
11742,0.196
28261,0.864
16469,0.894
13676,0.83
20163,0.556
16785,0.772
29322,0.74
15693,0.196
17335,0.186
3735,0.562
25484,0.71
3643,0.164
7198,0.452
25365,0.154
24936,0.624
21305,0.508
29365,0.28
21523,0.56
21718,0.21
1837,0.246
29915,0.7
10984,0.366
9303,0.066
12799,0.234
1457,0.388
1092,0.406
4149,0.262
11008,0.824
27068,0.826
9189,0.602
4932,0.264
14465,0.5
4556,0.846
11488,0.11
12074,0.71
25101,0.372
16797,0.204
20070,0.08
14418,0.802
28245,0.502
25389,0.194
24996,0.92
17278,0.942
6481,0.74
8020,0.222
9100,0.41
17476,0.272
8589,0.16
29161,0.55
24515,0.422
27274,0.238
23872,0.252
29363,0.174
1503,0.326
9936,0.188
10939,0.144
20294,0.11
3949,0.58
6438,0.384
13619,0.53
14303,0.56
22093,0.044
15948,0.158
28189,0.246
13064,0.274
13250,0.496
29166,0.186
7743,0.942
26226,0.26
7755,0.586
1412,0.47
6528,0.13
1122,0.28
16333,0.192
5245,0.082
12152,0.306
19640,0.57
25207,0.254
9433,0.158
7468,0.798
29011,0.404
11031,0.244
29442,0.478
7293,0.202
12971,0.614
5346,0.182
14470,0.852
28811,0.196
15962,0.262
24274,0.292
21149,0.154
10863,0.118
17754,0.15
4484,0.24
10560,0.39
24577,0.666
20326,0.504
21716,0.436
10598,0.142
1433,0.204
5860,0.18
12426,0.258
10980,0.78
22044,0.218
27830,0.124
23077,0.348
26376,0.276
10406,0.098
23490,0.206
19566,0.112
11472,0.736
12063,0.11
8931,0.124
10968,0.562
27755,0.156
26847,0.302
1610,0.302
29236,0.286
16266,0.052
12393,0.304
26839,0.354
2767,0.2
12776,0.184
23176,0.29
216,0.322
24876,0.78
6165,0.198
3901,0.648
21231,0.35
24636,0.278
9999,0.222
14797,0.108
6087,0.088
14459,0.158
2856,0.226
18217,0.32
17041,0.118
12414,0.516
9672,0.072
516,0.238
11623,0.088
8281,0.36
20256,0.276
12078,0.536
17734,0.574
2157,0.054
28081,0.8
10726,0.308
29030,0.184
3096,0.148
22753,0.848
3108,0.276
10276,0.136
21881,0.05
6427,0.14
9252,0.056
2406,0.324
25038,0.096
14642,0.892
24743,0.366
18524,0.2
13420,0.062
3398,0.22
8943,0.152
27172,0.574
6939,0.12
27315,0.17
28314,0.176
27774,0.152
9816,0.27
16139,0.158
9418,0.546
12315,0.446
2518,0.22
29751,0.384
16601,0.184
17592,0.14
5100,0.368
9842,0.562
17187,0.348
7277,0.462
18772,0.27
10078,0.298
21770,0.164
26443,0.264
9892,0.474
6328,0.09
10045,0.238
26119,0.232
14329,0.718
26755,0.304
11846,0.202
16586,0.146
17550,0.646
21264,0.362
15091,0.438
23480,0.066
18393,0.702
22276,0.138
10399,0.404
8164,0.428
22500,0.206
10883,0.386
23086,0.124
24672,0.406
13720,0.15
17846,0.834
3382,0.108
9845,0.252
18832,0.194
19340,0.124
7339,0.774
14368,0.332
14659,0.43
428,0.272
16204,0.344
17507,0.086
624,0.166
28355,0.048
17170,0.346
1138,0.158
17663,0.526
24511,0.528
19542,0.072
4408,0.538
17120,0.392
10352,0.284
29596,0.154
9477,0.312
10299,0.426
2885,0.466
18417,0.416
7500,0.358
2683,0.124
23493,0.156
17172,0.096
22924,0.516
9898,0.206
6216,0.674
20719,0.128
7978,0.386
11405,0.214
5551,0.746
738,0.068
28717,0.118
10746,0.266
27645,0.208
7071,0.64
1710,0.242
3508,0.39
23162,0.126
29049,0.65
13804,0.086
13492,0.394
18340,0.574
12051,0.816
15955,0.084
18003,0.686
7779,0.232
9003,0.64
15746,0.556
25481,0.042
733,0.45
14198,0.496
21906,0.266
21044,0.268
15820,0.72
18842,0.172
20244,0.026
8203,0.312
28966,0.1
10586,0.704
19591,0.478
20199,0.168
18896,0.266
23628,0.08
4969,0.156
12621,0.334
8247,0.182
24382,0.572
2904,0.206
20273,0.274
12101,0.608
6069,0.138
12140,0.242
3698,0.45
29677,0.346
1912,0.54
6400,0.44
4475,0.12
23454,0.252
29217,0.148
8345,0.852
26623,0.31
26597,0.35
10038,0.28
3263,0.23
10261,0.214
16982,0.208
4977,0.234
11327,0.368
28216,0.096
20346,0.43
4229,0.546
5218,0.886
15844,0.396
19912,0.31
1427,0.58
8121,0.138
12793,0.248
10146,0.158
25767,0.434
26729,0.26
14499,0.666
10438,0.282
14563,0.468
16382,0.34
12947,0.086
16404,0.372
16383,0.416
27165,0.362
6797,0.232
11387,0.496
16953,0.626
2041,0.554
9403,0.13
14050,0.24
2907,0.53
9199,0.03
8739,0.36
14410,0.74
29287,0.278
1660,0.572
7318,0.072
11788,0.164
17306,0.412
24753,0.138
24337,0.52
27316,0.368
4981,0.412
14770,0.162
28421,0.09
26899,0.892
20086,0.306
4984,0.236
15281,0.078
26494,0.328
21581,0.046
896,0.45
1684,0.222
16497,0.65
16983,0.148
11193,0.294
9520,0.224
1487,0.454
22667,0.27
25028,0.298
9633,0.312
22323,0.114
10242,0.348
21377,0.4
15736,0.376
25681,0.298
8354,0.33
6346,0.624
13999,0.232
11990,0.568
5427,0.184
17694,0.122
24221,0.4
5640,0.172
12705,0.522
5720,0.162
22234,0.088
12463,0.342
25708,0.534
18836,0.768
17814,0.286
3483,0.604
17086,0.598
15980,0.48
27218,0.316
17816,0.416
21189,0.188
3230,0.078
2476,0.238
27719,0.32
24625,0.114
9427,0.248
15518,0.266
27758,0.286
7997,0.048
7255,0.216
644,0.524
2507,0.308
17731,0.142
10353,0.84
12738,0.074
3473,0.018
23597,0.104
27974,0.092
1227,0.066
3799,0.15
11622,0.396
10205,0.092
3658,0.162
28294,0.152
18553,0.292
22255,0.292
16011,0.064
12417,0.258
2561,0.27
20241,0.156
27942,0.086
18072,0.726
12556,0.71
16338,0.088
6562,0.054
15293,0.326
22256,0.12
173,0.36
14493,0.172
20380,0.448
25074,0.708
17599,0.338
17346,0.05
23853,0.104
2227,0.374
19995,0.216
2585,0.194
29774,0.192
26536,0.192
5742,0.834
23431,0.262
9942,0.384
17115,0.412
10814,0.346
12518,0.816
8786,0.064
10884,0.412
14538,0.4
13534,0.23
21873,0.188
4871,0.348
22356,0.036
19936,0.35
19681,0.106
11198,0.31
8156,0.584
20146,0.862
1090,0.146
11255,0.166
12526,0.352
27115,0.582
762,0.294
3410,0.282
18341,0.424
6271,0.942
7502,0.46
11941,0.288
27616,0.148
16201,0.27
7477,0.278
17697,0.77
2898,0.252
1616,0.482
22617,0.266
20236,0.844
21321,0.758
14477,0.386
27380,0.234
21266,0.776
10019,0.188
24662,0.36
8574,0.208
21506,0.13
8364,0.484
2958,0.568
26273,0.06
25180,0.596
28001,0.126
21693,0.074
26187,0.106
28017,0.108
9767,0.316
6289,0.87
23338,0.666
34,0.218
8845,0.21
24191,0.456
10803,0.858
18887,0.228
22336,0.102
15199,0.332
3482,0.18
10656,0.134
21453,0.116
2992,0.15
3703,0.42
5746,0.662
29768,0.494
550,0.556
22665,0.216
6174,0.784
3402,0.278
13517,0.096
16126,0.92
5034,0.21
24658,0.366
21163,0.198
20422,0.308
15209,0.402
6111,0.776
15230,0.326
1791,0.156
5647,0.662
10154,0.412
7912,0.072
1278,0.218
4519,0.132
24782,0.172
2848,0.078
12209,0.166
3469,0.074
5654,0.054
27912,0.228
28053,0.07
28420,0.076
19832,0.068
24713,0.284
14573,0.396
23634,0.084
423,0.708
10004,0.208
14928,0.716
18240,0.342
12340,0.192
29406,0.268
3246,0.442
14147,0.072
10575,0.73
14971,0.722
18696,0.086
2943,0.362
20842,0.59
27699,0.652
7964,0.19
11287,0.38
7923,0.182
5712,0.18
17976,0.318
8439,0.312
25046,0.2
1246,0.68
9115,0.332
12749,0.622
3847,0.146
5787,0.25
341,0.352
17828,0.23
20464,0.628
7397,0.734
8319,0.488
9103,0.19
11923,0.302
12695,0.23
4235,0.306
1078,0.626
17234,0.872
23029,0.122
2393,0.268
12618,0.238
26833,0.172
25435,0.33
1676,0.23
5500,0.074
20889,0.228
7893,0.174
8413,0.124
3580,0.554
10581,0.16
10708,0.036
9838,0.852
26662,0.388
2647,0.388
23896,0.212
20569,0.49
15049,0.414
15335,0.146
27263,0.546
20658,0.93
3964,0.338
1804,0.16
14699,0.288
22012,0.174
24001,0.266
21527,0.258
21366,0.13
23068,0.06
19138,0.128
3798,0.306
14970,0.16
6814,0.136
12376,0.19
3105,0.204
8085,0.118
26826,0.84
14759,0.462
23730,0.25
28096,0.67
27923,0.232
10572,0.296
24156,0.346
29611,0.378
19560,0.276
15001,0.07
1339,0.226
15062,0.754
7900,0.264
17959,0.732
9091,0.262
4143,0.614
21436,0.186
25687,0.068
12848,0.376
14000,0.276
17672,0.112
26728,0.532
8857,0.396
9722,0.136
27791,0.046
1972,0.164
7249,0.066
18928,0.76
10309,0.626
5198,0.768
22964,0.078
19587,0.908
6689,0.21
9132,0.424
13538,0.302
10718,0.164
18972,0.826
23423,0.196
4080,0.128
26445,0.266
14331,0.096
25916,0.342
10959,0.242
8925,0.502
1921,0.21
3208,0.39
25889,0.116
29430,0.274
8591,0.638
13118,0.238
3745,0.38
17354,0.186
13618,0.562
13762,0.018
14657,0.416
499,0.578
5199,0.396
8285,0.478
28412,0.05
10525,0.462
23796,0.076
19817,0.764
13640,0.554
6,0.15
22369,0.014
96,0.312
22367,0.126
11495,0.278
14636,0.216
21790,0.116
3585,0.144
2111,0.362
15999,0.14
26794,0.216
3694,0.772
28116,0.066
21813,0.112
18620,0.202
22199,0.16
23260,0.256
11456,0.152
9530,0.108
20221,0.168
14649,0.904
27748,0.796
27653,0.588
17066,0.216
8362,0.19
10023,0.574
3378,0.588
26348,0.132
21032,0.402
8274,0.582
11537,0.404
13316,0.156
20387,0.59
22046,0.062
12781,0.218
18903,0.014
16711,0.62
23589,0.256
14725,0.242
20958,0.662
1668,0.16
24758,0.732
4336,0.746
15543,0.47
24409,0.524
10990,0.186
12163,0.812
4410,0.07
2858,0.158
10577,0.418
25785,0.08
462,0.196
6224,0.284
9574,0.428
14983,0.154
18397,0.526
5762,0.758
18605,0.14
10772,0.652
8525,0.616
21371,0.632
24540,0.09
25627,0.288
29902,0.172
8686,0.242
4282,0.106
22835,0.074
16477,0.874
17588,0.428
7732,0.586
17597,0.134
26013,0.074
20495,0.28
7403,0.384
11887,0.33
20100,0.252
17546,0.85
2346,0.362
22577,0.136
27869,0.168
21040,0.224
12643,0.164
21285,0.694
16689,0.966
27349,0.326
14558,0.28
5436,0.452
25614,0.046
16088,0.094
28780,0.13
10533,0.838
15544,0.9
8777,0.13
18097,0.284
6425,0.294
20235,0.298
16782,0.55
25354,0.142
2974,0.398
878,0.304
4756,0.078
13977,0.11
5556,0.252
1288,0.676
23708,0.124
5871,0.058
28745,0.162
6714,0.716
13211,0.356
9315,0.41
23964,0.756
15415,0.332
345,0.242
10612,0.214
29485,0.49
23503,0.274
13707,0.202
16171,0.052
26859,0.098
9948,0.114
11974,0.208
10289,0.298
15411,0.466
2320,0.372
16995,0.568
12769,0.212
4457,0.364
21827,0.246
27347,0.582
25112,0.138
27683,0.66
10398,0.236
29429,0.34
23371,0.016
573,0.254
24937,0.482
7174,0.864
19057,0.572
17714,0.846
18655,0.722
16308,0.208
15402,0.128
21080,0.114
27102,0.122
11135,0.132
2602,0.56
4178,0.02
19677,0.112
24009,0.494
19161,0.072
22994,0.106
15981,0.444
24627,0.822
18875,0.114
9539,0.296
2819,0.392
28496,0.42
7725,0.458
24506,0.648
29508,0.364
1450,0.374
12339,0.188
20268,0.416
397,0.172
4867,0.24
4744,0.318
2240,0.266
8674,0.3
9887,0.228
9242,0.214
16143,0.176
29111,0.756
7442,0.258
6906,0.224
6522,0.506
29404,0.168
16612,0.78
14992,0.422
24360,0.3
19793,0.336
12585,0.128
21605,0.122
22796,0.044
19286,0.102
8351,0.19
92,0.168
13038,0.11
11872,0.078
17385,0.084
11733,0.164
24314,0.33
23677,0.134
16966,0.184
2730,0.646
11222,0.488
1483,0.346
24133,0.144
27253,0.414
26551,0.238
5982,0.472
13101,0.068
21110,0.618
22743,0.374
9293,0.284
6909,0.8
27272,0.052
7042,0.368
6628,0.176
27596,0.088
18367,0.112
20489,0.116
29689,0.254
11306,0.664
24178,0.508
7364,0.306
28701,0.036
26689,0.506
15956,0.218
18109,0.8
24013,0.758
351,0.338
8299,0.234
3876,0.042
11153,0.442
10300,0.168
21713,0.104
14443,0.216
16765,0.42
26930,0.26
21347,0.8
742,0.18
11352,0.316
3064,0.052
27494,0.514
23734,0.094
14510,0.664
8651,0.416
27922,0.588
25880,0.144
15547,0.474
29696,0.086
25269,0.024
18551,0.212
5210,0.572
15912,0.32
17462,0.088
1087,0.594
7132,0.626
9995,0.238
27046,0.334
29017,0.362
18837,0.03
18197,0.184
15643,0.15
4579,0.698
11378,0.242
1053,0.144
12217,0.286
18917,0.704
20777,0.13
14097,0.664
21849,0.076
19436,0.112
4580,0.29
19594,0.112
18107,0.322
23966,0.322
24870,0.394
11994,0.344
25337,0.074
6214,0.104
28061,0.764
10673,0.292
19960,0.574
4206,0.276
21343,0.626
13432,0.236
10867,0.406
26691,0.438
21741,0.116
3547,0.294
25698,0.036
1118,0.314
4706,0.57
25162,0.762
16671,0.218
626,0.434
2884,0.14
18415,0.192
25240,0.184
27175,0.07
12028,0.76
29573,0.452
10328,0.226
9202,0.098
1536,0.504
4702,0.444
20529,0.3
26117,0.356
29357,0.512
22595,0.308
447,0.306
22034,0.038
9932,0.746
20520,0.52
27303,0.032
25631,0.334
4140,0.184
20432,0.166
12528,0.282
12235,0.826
8029,0.066
11127,0.422
21914,0.084
12532,0.698
12826,0.458
13008,0.548
12642,0.114
22262,0.078
28212,0.022
9213,0.244
14053,0.144
6148,0.322
20123,0.034
3160,0.34
273,0.152
23229,0.018
16187,0.756
3318,0.552
3711,0.248
13506,0.04
12554,0.324
18834,0.266
6830,0.112
11574,0.228
3660,0.056
12519,0.682
18086,0.2
20482,0.198
15789,0.12
8757,0.252
1441,0.272
18685,0.078
4540,0.094
3383,0.474
13124,0.344
7570,0.406
10862,0.208
26040,0.25
15227,0.076
6119,0.804
18924,0.098
8891,0.66
10476,0.238
2229,0.21
1815,0.316
18336,0.38
2281,0.102
24556,0.368
19879,0.226
27002,0.394
843,0.472
15677,0.702
15392,0.128
9165,0.486
12767,0.714
15843,0.622
11142,0.158
22274,0.23
3256,0.598
3905,0.326
10387,0.172
13571,0.362
18636,0.17
20126,0.23
28185,0.388
12042,0.118
18010,0.514
7317,0.17
12321,0.246
5384,0.038
10455,0.224
22914,0.374
20303,0.184
2715,0.538
6725,0.652
344,0.178
15306,0.48
14121,0.344
963,0.13
2012,0.496
3242,0.816
4894,0.638
25997,0.204
25791,0.106
15724,0.37
11751,0.198
22809,0.16
23716,0.272
3425,0.24
27151,0.468
4589,0.056
26783,0.066
8447,0.266
15637,0.118
23740,0.282
9402,0.278
21910,0.056
5505,0.418
20399,0.292
8023,0.242
2571,0.582
2222,0.37
23130,0.748
10424,0.668
3858,0.468
4241,0.198
11863,0.388
3474,0.282
2129,0.114
14918,0.13
28357,0.21
29586,0.156
18477,0.154
7405,0.244
24491,0.072
27749,0.494
18623,0.208
4672,0.218
28967,0.262
664,0.426
12223,0.196
3979,0.09
14739,0.074
29999,0.3
11765,0.1
16483,0.29
14767,0.192
7563,0.226
10512,0.78
16937,0.752
25982,0.82
2980,0.356
7553,0.416
4391,0.424
28659,0.062
26669,0.09
11666,0.572
12367,0.882
13522,0.166
7330,0.14
4534,0.094
4720,0.404
13360,0.254
1923,0.15
2929,0.08
18593,0.26
24910,0.27
21019,0.102
5388,0.226
13328,0.112
9989,0.26
21934,0.554
16334,0.252
20685,0.442
2622,0.176
8649,0.22
20830,0.418
12698,0.222
23910,0.166
16222,0.724
16026,0.768
3706,0.462
278,0.414
7484,0.716
18571,0.852
11276,0.482
21309,0.536
6863,0.376
19706,0.552
20414,0.268
15486,0.112
20796,0.088
29478,0.532
5780,0.2
11408,0.646
11635,0.134
9407,0.166
11150,0.164
5501,0.332
852,0.46
7937,0.248
17594,0.456
14170,0.19
23842,0.148
23771,0.174
23564,0.708
10493,0.166
11073,0.19
16416,0.274
11860,0.254
11144,0.266
21830,0.08
23841,0.12
26798,0.22
17789,0.552
13664,0.39
13108,0.104
18764,0.02
9512,0.064
8824,0.182
11935,0.318
7663,0.18
16258,0.298
196,0.18
18713,0.062
28525,0.046
24664,0.66
24599,0.136
7552,0.318
323,0.264
15027,0.154
22674,0.13
312,0.306
23934,0.576
28526,0.248
22488,0.336
1555,0.062
3518,0.46
5545,0.17
23390,0.216
15668,0.114
7268,0.884
2034,0.53
29814,0.382
474,0.266
12973,0.446
26501,0.206
28181,0.266
6011,0.38
19438,0.178
27160,0.882
7691,0.212
19321,0.31
28777,0.262
775,0.348
2201,0.26
28818,0.294
7760,0.46
20383,0.454
28269,0.58
22109,0.53
11712,0.532
28057,0.782
14667,0.376
8725,0.212
3923,0.126
27874,0.026
28640,0.106
2141,0.514
15594,0.418
23104,0.066
11791,0.466
24134,0.626
15658,0.18
22344,0.152
21655,0.306
7565,0.092
12637,0.51
979,0.258
26974,0.458
14672,0.252
29745,0.34
8153,0.112
674,0.078
28546,0.708
22458,0.352
10144,0.324
14632,0.244
18039,0.842
9728,0.104
26875,0.096
25363,0.556
25495,0.034
14084,0.696
15098,0.104
22062,0.226
23593,0.368
4667,0.284
27409,0.252
9774,0.092
8487,0.712
15564,0.634
1377,0.472
7080,0.538
17481,0.364
16387,0.088
24692,0.596
8278,0.328
19402,0.094
13694,0.344
24630,0.406
19032,0.676
10574,0.208
18957,0.846
28346,0.19
99,0.488
20321,0.066
15065,0.062
8904,0.494
7708,0.406
23259,0.268
6239,0.168
3100,0.18
1426,0.21
15214,0.116
21654,0.068
29218,0.174
15763,0.742
12927,0.23
25042,0.446
21039,0.482
19352,0.074
27658,0.49
16354,0.076
1255,0.354
21126,0.314
4047,0.748
25343,0.246
3077,0.404
7231,0.332
3047,0.268
23577,0.066
26767,0.388
24848,0.32
5623,0.124
12214,0.322
13086,0.352
18362,0.338
26865,0.844
25172,0.26
6244,0.202
4125,0.106
29749,0.292
2678,0.274
8879,0.37
5006,0.068
18741,0.152
4448,0.212
29512,0.56
17601,0.154
20637,0.494
23435,0.458
6712,0.028
6267,0.266
872,0.062
17466,0.34
14801,0.648
27584,0.24
20765,0.51
24355,0.28
26725,0.104
1023,0.29
25424,0.072
24165,0.814
705,0.32
5604,0.458
16010,0.186
12287,0.462
14241,0.332
25358,0.108
14255,0.022
9620,0.076
14187,0.142
20300,0.244
17819,0.194
11911,0.308
5138,0.102
25758,0.312
29873,0.096
10263,0.33
17439,0.268
19155,0.334
16148,0.254
19807,0.22
11238,0.034
27742,0.634
5814,0.408
11152,0.194
10951,0.404
22474,0.618
22146,0.194
13577,0.28
25139,0.286
27247,0.008
21666,0.264
22828,0.172
26384,0.046
14214,0.252
25867,0.192
14919,0.242
21291,0.808
866,0.114
3222,0.5
16197,0.494
9392,0.396
27377,0.11
6602,0.218
16687,0.224
29383,0.09
9192,0.776
20629,0.11
8676,0.142
7175,0.102
6164,0.284
8889,0.186
16004,0.076
23862,0.44
4405,0.046
9526,0.192
12215,0.14
21588,0.266
7554,0.592
7085,0.422
23707,0.198
14886,0.196
4639,0.386
5391,0.088
14480,0.556
8742,0.13
2533,0.132
9226,0.468
3697,0.464
26088,0.562
27895,0.15
22974,0.118
21950,0.376
21217,0.724
16114,0.084
24378,0.338
29494,0.052
20712,0.136
22589,0.122
23436,0.47
928,0.062
6885,0.188
7100,0.114
5456,0.174
9093,0.678
27304,0.136
23183,0.164
17919,0.168
15873,0.084
9648,0.06
12477,0.188
19728,0.144
17181,0.184
3122,0.022
9300,0.306
29294,0.172
5414,0.218
4384,0.238
11188,0.22
19271,0.176
10949,0.192
19417,0.106
10083,0.688
28739,0.29
26310,0.376
1411,0.278
11450,0.65
29847,0.062
9309,0.25
22843,0.36
15244,0.566
5749,0.228
3510,0.094
14145,0.144
24140,0.422
29071,0.066
19264,0.734
21005,0.242
6944,0.368
14509,0.64
2764,0.108
15694,0.268
16413,0.37
13110,0.068
3068,0.244
19069,0.774
27097,0.466
7049,0.24
4469,0.218
6325,0.348
11682,0.054
22758,0.072
12670,0.11
14064,0.15
20502,0.086
4903,0.186
13557,0.196
9099,0.448
5843,0.436
15801,0.12
29935,0.368
12617,0.052
22165,0.232
8279,0.162
27894,0.208
29883,0.27
9701,0.316
18185,0.514
28720,0.288
6531,0.422
5325,0.514
26051,0.12
6538,0.256
9579,0.452
911,0.126
12167,0.192
491,0.732
20338,0.78
23909,0.658
16550,0.328
1388,0.228
20639,0.638
5859,0.658
17596,0.194
6646,0.512
1698,0.392
17756,0.968
3298,0.448
4972,0.254
15491,0.378
17133,0.63
10840,0.11
24531,0.56
24047,0.234
18067,0.756
16470,0.13
16867,0.638
21609,0.142
25045,0.274
9489,0.428
13630,0.192
21479,0.112
13494,0.084
29157,0.418
12573,0.408
24580,0.374
27834,0.072
11591,0.3
13685,0.23
1103,0.172
29602,0.292
11082,0.348
26936,0.472
9134,0.36
3922,0.29
21011,0.282
29720,0.192
14898,0.508
14944,0.336
11896,0.098
20804,0.226
6919,0.126
24633,0.262
1475,0.176
1731,0.212
2540,0.378
27603,0.164
23526,0.688
25087,0.198
5711,0.236
1981,0.838
23106,0.054
15393,0.248
17624,0.322
2280,0.25
22096,0.094
25581,0.55
1109,0.528
7212,0.512
2718,0.192
25457,0.166
20027,0.402
11524,0.216
2932,0.06
16442,0.198
2508,0.24
8377,0.202
24185,0.4
790,0.388
3820,0.466
26478,0.204
24237,0.526
11502,0.206
1834,0.158
25430,0.26
20044,0.232
6484,0.204
16810,0.374
21893,0.078
1588,0.134
6250,0.248
25339,0.272
15839,0.654
5128,0.626
26922,0.534
22798,0.526
23692,0.164
4093,0.658
27034,0.73
17900,0.566
16703,0.296
25693,0.076
12455,0.502
20391,0.378
4569,0.822
4343,0.102
26873,0.464
5784,0.156
7918,0.176
23211,0.118
4104,0.588
21601,0.744
29704,0.172
24789,0.564
5927,0.18
9682,0.058
8211,0.246
20444,0.354
29214,0.7
26406,0.402
3265,0.436
2388,0.398
2497,0.34
16270,0.168
11257,0.24
12681,0.664
4203,0.102
19670,0.622
15428,0.312
13544,0.146
5045,0.222
5186,0.096
26482,0.144
28417,0.196
28989,0.184
7581,0.158
6483,0.308
26474,0.174
21353,0.314
8409,0.14
46,0.284
15617,0.196
18968,0.128
14305,0.406
10189,0.188
28999,0.186
29417,0.182
17383,0.148
3579,0.516
27094,0.096
12283,0.162
17092,0.036
10202,0.222
29746,0.534
10465,0.256
26027,0.17
23066,0.038
25228,0.206
17166,0.142
29722,0.278
243,0.356
29272,0.424
24741,0.626
17116,0.284
11444,0.346
22748,0.18
4421,0.202
2950,0.93
24808,0.282
4028,0.16
24575,0.37
1661,0.606
17957,0.26
24781,0.714
16993,0.138
14687,0.31
20799,0.462
24646,0.472
15287,0.422
10124,0.952
12228,0.072
7475,0.424
5804,0.28
3710,0.14
24102,0.684
3031,0.41
1937,0.148
5453,0.364
7998,0.11
25179,0.24
17775,0.81
29516,0.472
29658,0.45
26453,0.194
21482,0.08
10855,0.382
28234,0.082
10039,0.312
1282,0.182
15461,0.428
4351,0.354
7647,0.532
26255,0.424
3843,0.136
21783,0.202
5824,0.53
21130,0.15
12590,0.764
5115,0.566
13586,0.156
22560,0.262
7573,0.442
17521,0.086
7613,0.086
11291,0.186
18426,0.322
19959,0.462
16556,0.084
12702,0.202
11061,0.37
6145,0.436
11282,0.576
4372,0.262
9875,0.082
19295,0.154
25288,0.148
23791,0.66
23667,0.296
5282,0.11
5214,0.278
52,0.09
19355,0.09
17444,0.342
3353,0.752
24971,0.186
25103,0.214
23334,0.084
18754,0.082
26787,0.162
14446,0.81
17319,0.604
19977,0.23
6788,0.278
10008,0.388
1598,0.192
21990,0.2
5727,0.346
210,0.252
12011,0.552
23502,0.362
24459,0.37
19175,0.412
2140,0.492
4303,0.188
11453,0.288
14575,0.316
6395,0.558
10385,0.396
22568,0.762
14753,0.442
24075,0.724
17786,0.518
14403,0.134
501,0.62
23009,0.226
16992,0.36
12542,0.104
16418,0.112
27950,0.552
17005,0.538
9987,0.27
26914,0.872
16650,0.49
17927,0.738
8713,0.374
29123,0.202
19981,0.138
10059,0.028
7451,0.478
26456,0.122
24407,0.31
9320,0.142
21368,0.812
4913,0.392
19507,0.248
24240,0.12
6223,0.14
5236,0.626
29731,0.26
18731,0.562
4120,0.434
29356,0.776
28915,0.426
5657,0.186
3193,0.382
21290,0.208
24521,0.172
3162,0.172
11967,0.124
8941,0.098
11189,0.292
26145,0.276
12917,0.228
1738,0.226
14008,0.182
8618,0.092
13162,0.474
11315,0.082
9698,0.122
20833,0.624
19472,0.12
13885,0.14
10062,0.728
11913,0.346
29237,0.274
25239,0.244
29787,0.364
14897,0.47
9872,0.142
19806,0.046
9401,0.142
6948,0.076
24375,0.294
28008,0.294
12402,0.108
7653,0.386
28675,0.67
26387,0.164
2960,0.418
6433,0.24
18724,0.298
20282,0.944
7209,0.232
13315,0.252
23588,0.15
3829,0.372
2842,0.526
3053,0.31
6730,0.136
11511,0.5
13061,0.39
17547,0.7
25747,0.384
12259,0.578
9084,0.962
15053,0.404
15030,0.7
11628,0.404
17897,0.068
15838,0.054
27650,0.76
8658,0.15
3427,0.57
14004,0.292
15737,0.1
14835,0.066
26571,0.23
27448,0.708
20985,0.328
3172,0.406
25473,0.132
28653,0.032
9169,0.134
3929,0.222
16833,0.7
6248,0.106
18597,0.112
2061,0.164
2564,0.622
23786,0.598
14405,0.232
17246,0.528
29427,0.464
23832,0.124
1966,0.902
23090,0.372
21313,0.278
5096,0.572
2900,0.512
1690,0.118
18521,0.186
4413,0.078
506,0.234
2043,0.164
19590,0.066
23167,0.208
16719,0.172
17495,0.164
11288,0.236
6404,0.18
26638,0.374
24074,0.338
15420,0.298
6186,0.122
21820,0.11
10643,0.476
18980,0.106
20317,0.104
26758,0.26
7786,0.558
20822,0.218
29038,0.328
13995,0.332
1569,0.254
23308,0.142
24357,0.206
25310,0.088
16502,0.658
28697,0.2
13066,0.42
11769,0.576
22565,0.198
9712,0.138
14874,0.244
6741,0.268
13317,0.248
1266,0.24
12836,0.334
1302,0.298
25558,0.126
18040,0.33
26601,0.458
1968,0.328
19804,0.21
14244,0.988
3115,0.394
3639,0.226
1962,0.122
11925,0.206
22197,0.068
6462,0.268
9443,0.406
1047,0.5
20888,0.354
17496,0.81
11416,0.252
27809,0.468
22875,0.132
29851,0.264
6388,0.158
1758,0.282
11433,0.254
29542,0.318
8731,0.14
12398,0.364
22718,0.066
25465,0.14
10821,0.306
22200,0.114
17224,0.266
24930,0.14
6480,0.374
14750,0.274
12920,0.07
9755,0.892
19885,0.112
27811,0.15
22869,0.176
15602,0.446
13581,0.342
21552,0.24
29949,0.306
6757,0.368
2754,0.318
16429,0.342
7420,0.148
980,0.108
26018,0.1
18403,0.318
8634,0.138
334,0.12
14727,0.13
17541,0.588
25822,0.066
21961,0.194
23662,0.83
8639,0.486
28031,0.172
22650,0.076
14763,0.756
9266,0.35
10714,0.426
4347,0.476
23143,0.196
19261,0.182
22713,0.198
274,0.298
10365,0.206
12119,0.796
5523,0.106
25274,0.234
28855,0.186
10727,0.206
17265,0.656
22543,0.286
5472,0.6
18598,0.144
21090,0.336
12406,0.772
17068,0.184
20311,0.208
20018,0.214
4991,0.142
1396,0.508
12432,0.952
15277,0.088
11333,0.784
17219,0.364
21504,0.16
20820,0.07
6070,0.29
9061,0.714
657,0.11
8505,0.598
28814,0.462
6902,0.074
24418,0.33
1434,0.308
18124,0.38
8863,0.118
6128,0.254
29893,0.544
943,0.624
7486,0.25
3928,0.054
9384,0.76
11191,0.262
19311,0.114
20156,0.214
29672,0.29
26394,0.582
17795,0.544
5221,0.328
11717,0.162
20627,0.378
3578,0.382
8528,0.128
13309,0.368
21922,0.53
905,0.282
7840,0.192
2617,0.82
24336,0.076
6951,0.446
11403,0.658
8969,0.094
21484,0.256
11581,0.686
21887,0.072
9926,0.114
18790,0.272
3058,0.22
28662,0.816
8144,0.554
17448,0.262
16746,0.156
22771,0.096
22390,0.098
15818,0.052
16737,0.188
28436,0.238
6888,0.484
16603,0.244
4602,0.302
15483,0.418
6824,0.2
330,0.246
25443,0.202
19697,0.962
11815,0.534
28099,0.494
20257,0.206
14242,0.038
22997,0.028
15079,0.516
2286,0.47
29203,0.3
23595,0.336
20168,0.12
10958,0.428
4296,0.28
4749,0.372
12710,0.29
23467,0.142
21868,0.318
1182,0.688
4772,0.096
29741,0.28
20956,0.072
12986,0.922
5535,0.088
11582,0.154
9391,0.508
24470,0.274
7792,0.752
27294,0.404
16680,0.284
14618,0.342
3548,0.748
26756,0.034
28247,0.424
23834,0.27
5437,0.038
20061,0.198
12536,0.134
21002,0.388
12584,0.312
12594,0.402
10133,0.618
22267,0.132
11068,0.116
17556,0.17
10496,0.254
21967,0.116
3394,0.44
21251,0.22
22542,0.748
10001,0.314
6440,0.212
5040,0.406
5598,0.266
22685,0.672
8295,0.634
17243,0.092
15984,0.108
5572,0.176
29255,0.762
28528,0.082
22039,0.154
9946,0.576
26331,0.162
23812,0.05
1664,0.41
21779,0.052
29550,0.608
23703,0.258
23239,0.584
27486,0.36
22085,0.164
6879,0.22
17034,0.582
12741,0.202
8910,0.632
4783,0.19
25915,0.68
10876,0.276
8161,0.612
12843,0.294
21096,0.146
27800,0.826
5925,0.208
14353,0.26
7326,0.226
288,0.564
3525,0.22
27657,0.746
7780,0.122
14724,0.122
25983,0.04
23345,0.104
121,0.42
11961,0.094
2714,0.782
890,0.442
1243,0.562
14542,0.972
27769,0.258
19866,0.292
17673,0.08
18602,0.18
9172,0.112
7568,0.694
28627,0.462
5533,0.196
15181,0.346
21345,0.29
15377,0.252
17501,0.072
28549,0.01
9246,0.522
702,0.246
11626,0.164
13053,0.232
5688,0.122
13927,0.226
7375,0.676
18672,0.318
24448,0.704
27051,0.324
22123,0.096
13357,0.248
4479,0.612
26327,0.732
12364,0.382
26398,0.062
1035,0.552
16761,0.63
28767,0.1
27907,0.26
21816,0.084
23208,0.12
3707,0.166
7107,0.338
29304,0.148
11727,0.174
10021,0.136
26262,0.136
20141,0.134
6916,0.814
14417,0.162
24387,0.12
11400,0.108
17351,0.684
16525,0.114
14313,0.318
16215,0.29
17499,0.296
9811,0.602
21123,0.17
7652,0.236
26621,0.262
10016,0.088
8480,0.27
13620,0.454
29854,0.066
2901,0.482
7600,0.412
11247,0.226
4438,0.062
19195,0.176
18878,0.148
3488,0.546
715,0.228
6934,0.178
6134,0.27
11160,0.204
29811,0.238
12193,0.448
21788,0.156
5304,0.336
21026,0.604
1448,0.322
9147,0.464
401,0.194
14600,0.634
27921,0.106
18652,0.118
16695,0.4
29474,0.256
6656,0.216
3396,0.292
16974,0.784
8370,0.458
12407,0.22
23785,0.428
9731,0.57
23072,0.266
24082,0.606
11943,0.152
15570,0.906
4785,0.19
28151,0.114
13010,0.498
21242,0.52
28843,0.038
3792,0.448
12633,0.36
8868,0.396
16933,0.654
16398,0.316
15480,0.714
22611,0.038
24947,0.424
13626,0.674
28868,0.28
13483,0.082
29600,0.132
10993,0.02
4877,0.27
22511,0.306
10579,0.124
24637,0.066
25733,0.104
14442,0.32
28556,0.444
18629,0.178
7785,0.38
9287,0.408
20278,0.21
17590,0.174
22296,0.084
29518,0.218
25542,0.06
1510,0.182
23131,0.156
4339,0.378
23385,0.562
2119,0.314
25763,0.76
29292,0.568
8761,0.572
7113,0.14
24202,0.186
11175,0.242
18152,0.148
14416,0.432
29868,0.022
4844,0.084
21046,0.496
199,0.474
14169,0.462
3455,0.58
5979,0.642
12092,0.258
5570,0.164
3592,0.676
20640,0.618
1337,0.286
12462,0.63
7827,0.262
6835,0.444
4819,0.19
12690,0.392
21268,0.258
10217,0.352
10781,0.08
18065,0.298
7030,0.298
4070,0.048
1945,0.202
9902,0.892
4246,0.452
15429,0.456
14503,0.246
4450,0.376
13475,0.576
2772,0.824
28038,0.196
28991,0.138
6634,0.186
9904,0.346
12593,0.324
1414,0.078
16183,0.202
28625,0.136
8779,0.154
21641,0.832
22864,0.184
14248,0.254
144,0.288
23332,0.204
29559,0.536
1050,0.718
23233,0.784
20467,0.544
12691,0.652
9194,0.966
1512,0.382
6492,0.846
11466,0.288
10229,0.256
23309,0.6
25418,0.21
22345,0.456
14222,0.266
16638,0.228
3027,0.246
19279,0.13
16584,0.212
14697,0.694
25815,0.12
1818,0.188
22972,0.25
19883,0.132
7850,0.72
20328,0.316
24203,0.37
9397,0.356
15783,0.246
18368,0.306
16345,0.03
17287,0.106
29026,0.228
28816,0.098
20882,0.174
18270,0.398
18353,0.158
17687,0.914
7503,0.482
5875,0.41
11858,0.132
19662,0.052
2275,0.346
24455,0.412
25253,0.254
27020,0.574
16659,0.402
16893,0.212
6925,0.658
19035,0.936
20703,0.438
27934,0.102
17471,0.176
26053,0.114
4955,0.27
29343,0.236
8390,0.75
26541,0.122
24148,0.122
24468,0.222
16605,0.37
21763,0.176
29484,0.498
6252,0.412
22502,0.572
4322,0.424
2635,0.444
21630,0.344
23023,0.728
28683,0.572
5135,0.738
26231,0.186
27367,0.886
14748,0.49
8629,0.234
28200,0.074
19377,0.154
3789,0.446
25455,0.194
25161,0.23
12596,0.046
25384,0.588
26260,0.346
16570,0.29
16583,0.184
7799,0.224
24809,0.836
24396,0.474
20336,0.422
19467,0.192
22068,0.14
26207,0.14
25637,0.102
13155,0.268
19060,0.344
8999,0.318
7286,0.35
9918,0.828
15336,0.554
2136,0.37
8735,0.666
8034,0.066
27081,0.088
29694,0.568
18469,0.216
7888,0.106
25905,0.372
21478,0.098
4165,0.338
11028,0.366
12136,0.096
24371,0.244
9547,0.07
10610,0.312
12385,0.152
9000,0.4
6688,0.724
11651,0.366
7012,0.104
17268,0.564
27174,0.346
261,0.312
13400,0.786
21867,0.226
27566,0.686
15289,0.452
25991,0.276
6758,0.2
15497,0.866
15391,0.02
22670,0.164
18190,0.69
19860,0.354
7033,0.336
17408,0.232
8049,0.348
26084,0.186
22521,0.164
7499,0.712
14815,0.082
28969,0.332
13656,0.248
656,0.146
7901,0.758
15800,0.57
4404,0.514
28783,0.162
5339,0.856
6188,0.256
14994,0.298
7884,0.218
4256,0.304
13099,0.136
6149,0.306
5284,0.886
16217,0.174
8460,0.05
5679,0.054
5005,0.228
1444,0.468
14614,0.714
19442,0.33
10212,0.558
24745,0.676
15582,0.206
24624,0.266
29674,0.216
2867,0.19
5975,0.236
13191,0.136
8979,0.124
19401,0.434
20993,0.764
25233,0.674
13610,0.144
25648,0.084
10413,0.304
24016,0.222
3806,0.566
9655,0.242
29514,0.254
27998,0.33
1489,0.512
12730,0.188
15000,0.208
20721,1.0
25238,0.118
14789,0.394
28781,0.332
1366,0.354
23458,0.464
4739,0.356
8466,0.126
26527,0.192
8610,0.404
4884,0.362
11331,0.28
3601,0.176
8760,0.334
14529,0.296
2464,0.108
12863,0.278
5671,0.158
3045,0.814
3184,0.176
14311,0.502
4115,0.182
25575,0.144
811,0.182
5220,0.2
9644,0.286
23405,0.236
6049,0.606
14461,0.34
367,0.522
8827,0.362
27023,0.292
27006,0.512
14319,0.482
15852,0.418
14878,0.238
127,0.534
21206,0.636
873,0.39
24480,0.672
12058,0.292
15057,0.452
20759,0.948
17995,0.124
456,0.49
22895,0.61
16516,0.056
19044,0.178
8704,0.212
12813,0.166
3842,0.418
15299,0.076
2405,0.958
27186,0.164
9183,0.194
10527,0.19
13040,0.432
14836,0.31
16981,0.238
3776,0.552
12740,0.274
26058,0.124
5980,0.154
15342,0.34
20441,0.146
21439,0.43
12969,0.47
15274,0.052
23349,0.354
19077,0.784
6826,0.546
15499,0.42
7125,0.052
20312,0.254
29881,0.19
19537,0.108
17913,0.324
23512,0.084
12036,0.132
9606,0.2
8375,0.202
26087,0.238
25440,0.292
24539,0.144
536,0.192
28317,0.504
12181,0.082
27198,0.4
11293,0.694
6896,0.78
13363,0.122
3286,0.284
8082,0.588
26450,0.074
5343,0.586
15757,0.604
17386,0.552
16317,0.21
14337,0.282
6633,0.134
4605,0.13
23048,0.726
27717,0.076
23528,0.198
15513,0.072
28498,0.15
8348,0.404
29348,0.394
4037,0.142
2566,0.276
15662,0.14
19934,0.06
11374,0.196
3000,0.264
7335,0.174
21093,0.128
10333,0.238
2973,0.64
7505,0.58
10305,0.134
19009,0.076
16534,0.624
10244,0.302
13658,0.07
24333,0.29
21536,0.614
5449,0.156
28597,0.692
21514,0.13
22229,0.292
4584,0.562
25834,0.86
29339,0.608
7267,0.216
4084,0.546
12110,0.116
16912,0.41
20233,0.086
7439,0.47
15119,0.79
11204,0.726
2641,0.658
21643,0.182
9331,0.048
26599,0.09
14570,0.026
11959,0.786
11436,0.738
29615,0.416
7558,0.062
971,0.184
1453,0.564
880,0.248
3386,0.136
24605,0.332
2463,0.476
6977,0.362
12745,0.788
13468,0.76
9687,0.158
18303,0.31
25591,0.082
15918,0.202
27520,0.236
22939,0.074
9561,0.158
29724,0.47
23035,0.2
10127,0.24
11215,0.132
10881,0.208
8137,0.2
26988,0.08
18307,0.078
17911,0.512
20592,0.288
28368,0.09
1741,0.198
16423,0.366
11004,0.064
4949,0.452
28779,0.122
3023,0.748
2583,0.428
15099,0.158
20165,0.148
26338,0.082
4850,0.062
29621,0.364
29663,0.224
22705,0.41
21481,0.138
26178,0.048
27445,0.21
1723,0.154
8485,0.306
346,0.2
13028,0.408
8821,0.65
25676,0.404
7534,0.636
23389,0.158
21579,0.424
8886,0.522
24884,0.664
10504,0.23
7301,0.096
20023,0.076
25809,0.18
3050,0.168
29521,0.332
11335,0.148
24039,0.578
7748,0.188
9381,0.6
10933,0.466
6032,0.194
9621,0.24
2724,0.392
18008,0.714
10898,0.476
21375,0.264
10986,0.638
4738,0.71
4832,0.31
8090,0.868
12932,0.44
21859,0.1
9116,0.192
15134,0.29
10392,0.336
29411,0.53
24367,0.278
2171,0.424
25143,0.452
24330,0.462
4659,0.818
17117,0.288
13789,0.55
29966,0.578
1994,0.416
16115,0.738
19278,0.428
3498,0.368
485,0.508
12792,0.234
5026,0.456
13369,0.924
28606,0.39
5252,0.142
14957,0.384
3566,0.102
8673,0.42
21623,0.122
9161,0.184
15938,0.086
19083,0.66
17644,0.168
15076,0.736
29865,0.552
25264,0.094
28078,0.376
24552,0.588
26026,0.114
6029,0.24
9992,0.81
25323,0.044
15294,0.246
28836,0.176
24125,0.31
17585,0.638
21943,0.056
5576,0.142
7721,0.522
22888,0.042
2649,0.146
22741,0.274
8957,0.196
15315,0.306
2579,0.572
8972,0.246
15010,0.212
18386,0.14
13130,0.17
11497,0.818
5799,0.726
27909,0.322
10507,0.578
2805,0.32
26853,0.628
20492,0.26
291,0.19
9334,0.156
12559,0.414
21521,0.194
15786,0.18
28484,0.256
17309,0.836
10620,0.134
16239,0.198
13271,0.144
7676,0.216
15488,0.678
4513,0.448
26664,0.426
2949,0.216
1765,0.25
5658,0.738
6478,0.502
6067,0.174
16178,0.584
18363,0.122
3885,0.096
4699,0.116
22333,0.098
23685,0.238
20624,0.476
13884,0.588
27518,0.23
13862,0.286
27156,0.606
28075,0.254
24833,0.19
14853,0.292
18936,0.67
7898,0.684
11070,0.37
29863,0.202
25820,0.214
5139,0.112
4890,0.244
4186,0.194
22266,0.166
14088,0.142
13637,0.242
6904,0.192
14809,0.858
4788,0.82
741,0.198
2797,0.382
6657,0.678
29962,0.456
2549,0.516
28468,0.076
19064,0.72
16415,0.66
25812,0.412
5225,0.208
21095,0.258
22859,0.418
24649,0.49
28389,0.148
2496,0.172
22286,0.424
11248,0.298
13133,0.27
19100,0.58
8922,0.068
26133,0.438
26979,0.134
29118,0.542
3106,0.076
10650,0.146
6428,0.418
1827,0.32
16790,0.082
640,0.248
19574,0.122
11813,0.668
29567,0.41
25553,0.236
24339,0.256
13278,0.112
29773,0.3
14108,0.486
22016,0.558
953,0.156
25328,0.26
4634,0.228
2029,0.61
9791,0.45
22114,0.668
20351,0.21
3049,0.446
17427,0.114
26999,0.16
9051,0.16
17657,0.232
5068,0.452
20136,0.06
2310,0.448
13632,0.124
28318,0.158
16919,0.794
12425,0.158
19316,0.466
5286,0.192
29948,0.406
26903,0.304
28152,0.334
15811,0.332
1202,0.154
28415,0.054
480,0.304
12821,0.17
14285,0.196
26802,0.354
22585,0.184
9681,0.126
14756,0.29
8650,0.362
1322,0.082
13308,0.266
16541,0.768
29268,0.694
15986,0.042
10071,0.116
22421,0.64
8013,0.064
17936,0.432
5678,0.048
19125,0.124
9128,0.506
7495,0.178
13638,0.136
28204,0.318
22975,0.262
28866,0.24
20801,0.34
13063,0.196
927,0.24
8058,0.182
7936,0.096
11932,0.35
16635,0.086
23743,0.196
22171,0.174
24246,0.354
16135,0.376
26554,0.552
8047,0.128
13845,0.478
20869,0.578
22784,0.23
15575,0.244
26596,0.65
26427,0.092
15058,0.2
15808,0.65
12804,0.104
24414,0.192
11625,0.934
2221,0.37
15537,0.308
18304,0.298
28333,0.21
18266,0.276
29554,0.484
8227,0.298
12301,0.73
14647,0.19
29148,0.3
12083,0.444
7682,0.108
512,0.134
28428,0.034
21340,0.358
15557,0.064
28390,0.064
18776,0.07
12704,0.066
25167,0.378
26835,0.372
28630,0.132
28242,0.848
1456,0.214
20035,0.2
8214,0.384
28821,0.228
8394,0.192
24334,0.44
12423,0.588
20284,0.752
18334,0.226
25700,0.074
20605,0.656
23118,0.292
29028,0.724
4058,0.27
6287,0.364
4254,0.312
3780,0.122
9798,0.514
27513,0.404
20966,0.106
6880,0.208
27993,0.372
15672,0.882
10012,0.22
16339,0.866
28196,0.052
29899,0.31
2955,0.064
14307,0.074
12133,0.262
29832,0.258
26701,0.64
5564,0.22
6126,0.76
29988,0.364
230,0.216
25197,0.11
6258,0.048
13126,0.196
15361,0.392
3778,0.43
9688,0.052
15109,0.47
2762,0.326
10779,0.26
25514,0.206
24119,0.174
10185,0.094
23317,0.16
20542,0.282
9532,0.488
1553,0.204
27317,0.354
13173,0.544
8939,0.312
23790,0.29
20653,0.298
19796,0.262
12865,0.208
20771,0.31
7388,0.294
23050,0.09
23766,0.686
24798,0.834
22185,0.062
16274,0.392
10654,0.162
8057,0.616
3916,0.688
3494,0.622
17031,0.77
1901,0.47
23979,0.804
24490,0.216
25728,0.164
20571,0.328
27085,0.322
1336,0.694
15135,0.218
29657,0.434
25411,0.214
19772,0.658
23457,0.126
1470,0.398
20861,0.604
24463,0.228
5464,0.298
2903,0.552
18511,0.116
19314,0.346
3594,0.278
1642,0.154
26591,0.332
4900,0.178
23674,0.438
27190,0.676
5853,0.2
16403,0.466
4546,0.682
18909,0.634
29415,0.376
12968,0.196
4220,0.27
5035,0.366
6173,0.134
12739,0.3
16834,0.696
6460,0.244
2133,0.072
5954,0.062
11963,0.186
8147,0.358
27725,0.106
21333,0.116
8200,0.25
12368,0.118
1215,0.132
15022,0.352
8871,0.598
22559,0.086
8030,0.094
10556,0.212
9567,0.11
15180,0.798
25732,0.528
28865,0.112
25686,0.416
1715,0.26
2485,0.214
20731,0.37
16685,0.266
4520,0.27
14812,0.624
23354,0.16
11262,0.362
22220,0.086
13033,0.162
27427,0.564
23744,0.128
10094,0.196
20130,0.914
8196,0.298
20847,0.278
13855,0.13
28265,0.606
12574,0.084
8240,0.678
4170,0.156
11091,0.096
2851,0.684
1889,0.266
20084,0.266
14261,0.376
14006,0.568
21016,0.834
22860,0.418
18098,0.52
6151,0.282
3441,0.37
17077,0.232
22112,0.224
21743,0.422
24003,0.526
16936,0.234
2918,0.118
4344,0.152
18126,0.156
18993,0.224
936,0.088
18654,0.42
29980,0.238
17048,0.578
10777,0.398
752,0.366
3492,0.302
14411,0.176
13202,0.274
28156,0.144
16971,0.33
13797,0.648
26547,0.35
13520,0.258
14766,0.154
23869,0.452
24786,0.462
21512,0.222
23614,0.414
10443,0.194
8180,0.604
1147,0.378
20860,0.398
13291,0.78
6769,0.48
13498,0.784
4751,0.024
27943,0.54
23991,0.32
6836,0.256
17840,0.29
19172,0.432
25883,0.116
28713,0.228
11816,0.374
20218,0.224
24200,0.066
26319,0.122
8225,0.556
26921,0.296
17904,0.542
24722,0.498
11677,0.536
19384,0.01
26067,0.158
17284,0.846
17553,0.308
18123,0.374
28685,0.152
5394,0.278
8862,0.294
14959,0.55
14579,0.24
7685,0.246
1045,0.246
3308,0.272
23109,0.664
13687,0.198
22108,0.216
27184,0.404
21921,0.104
5610,0.666
4843,0.752
21450,0.08
3662,0.194
16356,0.216
11032,0.052
1530,0.066
16240,0.228
3638,0.168
6000,0.652
24794,0.344
13677,0.4
25755,0.186
4596,0.74
25968,0.242
3284,0.086
17433,0.466
22836,0.228
8206,0.304
28146,0.206
10812,0.146
22763,0.156
6526,0.51
9564,0.152
28574,0.246
11194,0.362
5155,0.47
29270,0.31
8648,0.372
8958,0.114
9938,0.272
22241,0.362
6204,0.444
27714,0.054
11900,0.446
6527,0.592
13902,0.222
8194,0.29
13377,0.298
26633,0.4
17008,0.738
8324,0.238
13487,0.158
3725,0.394
21247,0.414
11845,0.316
14040,0.334
5815,0.406
2726,0.314
15165,0.288
20161,0.124
10953,0.272
11264,0.482
29905,0.378
1947,0.266
25417,0.124
532,0.57
23671,0.128
18337,0.134
26009,0.224
18054,0.304
22830,0.904
1612,0.112
17016,0.062
4645,0.072
23404,0.106
22328,0.1
12675,0.198
4771,0.324
1959,0.238
24317,0.62
5332,0.546
13561,0.724
18905,0.266
18170,0.7
6334,0.914
10013,0.402
6003,0.21
28115,0.568
16906,0.428
17866,0.442
24474,0.614
19841,0.108
21765,0.242
6482,0.186
7594,0.292
27995,0.162
1113,0.266
35,0.404
1730,0.19
26607,0.266
25153,0.86
7545,0.244
22160,0.126
1471,0.444
20769,0.166
19636,0.296
27363,0.036
13344,0.218
3448,0.176
7579,0.734
22591,0.052
29020,0.162
1422,0.148
13889,0.202
17990,0.334
17813,0.276
2055,0.522
14127,0.248
16293,0.282
24828,0.19
23663,0.224
6744,0.588
10969,0.084
18189,0.224
7976,0.378
27109,0.218
14834,0.07
14950,1.0
1635,0.186
10690,0.648
26464,0.272
24326,0.414
12233,0.454
12649,0.196
27204,0.306
25492,0.08
17452,0.6
27634,0.246
24218,0.612
22654,0.044
27181,0.262
382,0.186
3169,0.188
4168,0.092
20005,0.478
23709,0.192
27863,0.414
13818,0.192
16007,0.516
19847,0.42
12457,0.288
28784,0.248
20904,0.154
8778,0.1
18130,0.326
28509,0.022
7303,0.162
19274,0.22
28517,0.102
26542,0.172
2009,0.328
28851,0.894
18632,0.208
11771,0.664
19931,0.302
15773,0.09
26297,0.55
13741,0.204
12837,0.06
20477,0.112
10630,0.542
21143,0.788
9565,0.13
1346,0.11
18335,0.752
28114,0.172
8398,0.63
718,0.752
1771,0.134
24814,0.234
22518,0.122
2404,0.252
24309,0.214
27933,0.118
25638,0.092
10600,0.402
11505,0.3
3874,0.212
19861,0.742
2595,0.228
2004,0.066
3635,0.024
15987,0.954
25571,0.042
7525,0.232
22087,0.308
7445,0.148
2408,0.072
15558,0.694
2142,0.536
22362,0.39
25296,0.204
22992,0.298
29840,0.692
8178,0.96
14023,0.122
25469,0.086
24512,0.126
11224,0.196
9214,0.616
21236,0.582
21455,0.56
28793,0.244
8476,0.268
4989,0.2
10882,0.128
5461,0.276
6392,0.146
12876,0.622
17244,0.744
2947,0.526
13984,0.248
13259,0.088
16175,0.358
6703,0.252
18788,0.046
7578,0.63
9396,0.634
10319,0.072
23511,0.06
28689,0.24
16233,0.066
23923,0.564
12282,0.238
10182,0.232
27211,0.568
11527,0.746
4501,0.352
19080,0.176
23424,0.122
17230,0.852
24564,0.136
2752,0.192
24766,0.012
24666,0.454
7278,0.418
17803,0.114
4160,0.734
1666,0.934
6253,0.372
3470,0.49
8426,0.526
21938,0.202
11321,0.666
22310,0.932
4813,0.076
3270,0.598
26397,0.132
18548,0.176
18612,0.11
993,0.198
4341,0.4
27255,0.306
5042,0.458
12650,0.146
20521,0.7
11615,0.168
26209,0.114
12758,0.242
6699,0.412
14964,0.328
16851,0.63
28577,0.138
20239,0.144
13985,0.362
24797,0.754
17829,0.288
18590,0.142
802,0.188
14717,0.848
28193,0.276
13814,0.29
7672,0.334
18833,0.194
10087,0.174
19548,0.878
5183,0.41
12202,0.486
10275,0.098
20255,0.612
18528,0.066
14351,0.508
14059,0.256
4794,0.18
8470,0.66
7731,0.238
6505,0.392
24908,0.318
8516,0.26
736,0.112
6620,0.242
19047,0.046
17431,0.746
4742,0.102
283,0.076
19759,0.07
21226,0.322
25175,0.752
13842,0.786
2250,0.106
2259,0.234
3451,0.444
5348,0.608
21086,0.374
6024,0.492
9773,0.336
8238,0.834
28418,0.642
15325,0.074
11547,0.264
23098,0.022
9961,0.686
10944,0.514
25977,0.242
5018,0.084
7536,0.372
4817,0.032
7353,0.38
7202,0.262
10381,0.152
3702,0.226
26754,0.238
18371,0.124
8483,0.536
9289,0.616
15416,0.152
17161,0.068
8902,0.562
3946,0.368
9502,0.126
25953,0.074
19263,0.186
15975,0.5
1805,0.072
7112,0.432
17902,0.194
24620,0.712
23136,0.104
5157,0.256
27291,0.33
2316,0.436
11890,0.068
15915,0.324
18182,0.12
16272,0.264
6237,0.326
29504,0.744
14999,0.204
29283,0.052
22953,0.308
2084,0.132
4148,0.424
3329,0.344
9058,0.302
19224,0.3
27881,0.244
23533,0.12
20791,0.246
2874,0.444
11841,0.276
23517,0.064
24146,0.172
14576,0.448
25126,0.244
26680,0.638
7767,0.558
20949,0.276
4707,0.836
9517,0.774
15785,0.386
26710,0.526
24560,0.37
14058,0.524
24023,0.074
27270,0.19
19606,0.078
24989,0.242
17298,0.05
22686,0.29
26820,0.204
10429,0.162
15192,0.182
18497,0.128
29426,0.232
23850,0.36
280,0.342
25407,0.176
20621,0.194
19939,0.174
6635,0.63
6422,0.148
11067,0.424
27571,0.22
16707,0.35
24868,0.172
19635,0.212
9240,0.248
4952,0.342
12530,0.114
6350,0.6
4156,0.312
3769,0.198
28771,0.11
23214,0.174
28106,0.076
24895,0.358
20286,0.054
14320,0.176
27936,0.328
15045,0.3
1179,0.174
6187,0.096
20184,0.17
4974,0.716
10444,0.402
28121,0.144
22239,0.074
20996,0.702
23843,0.186
14152,0.05
13745,0.58
11776,0.74
7029,0.244
21810,0.416
8873,0.078
7228,0.078
15713,0.122
20723,0.16
19987,0.236
5697,0.22
28800,0.632
4034,0.428
16097,0.716
19416,0.346
19473,0.154
1121,0.52
10226,0.106
26033,0.116
22709,0.218
28223,0.13
959,0.272
2362,0.38
7221,0.07
4285,0.768
22545,0.134
17867,0.15
4915,0.488
11491,0.352
24941,0.248
17189,0.688
6215,0.656
5425,0.312
16359,0.58
21114,0.292
7882,0.152
10735,0.206
20442,0.11
5553,0.312
10359,0.52
20372,0.834
9188,0.596
17402,0.526
9544,0.328
6529,0.078
10105,0.686
24215,0.21
5777,0.19
21219,0.176
26842,0.202
21611,0.646
18932,0.192
22629,0.068
1163,0.174
1175,0.728
9038,0.11
14302,0.32
29448,0.56
28941,0.42
14233,0.578
4851,0.538
26735,0.344
4209,0.226
8840,0.71
2277,0.218
18349,0.144
3189,0.406
26222,0.15
15509,0.144
8005,0.322
22566,0.864
4320,0.12
5496,0.144
28176,0.776
3971,0.522
21101,0.608
20835,0.198
4810,0.088
22103,0.126
10747,0.332
13867,0.218
15529,0.144
17510,0.272
25645,0.942
147,0.514
17399,0.174
8763,0.214
4273,0.496
29439,0.494
5215,0.158
27485,0.75
19191,0.32
13766,0.238
23592,0.742
43,0.114
6463,0.126
9250,0.386
24836,0.14
29803,0.064
29909,0.494
19466,0.186
27077,0.888
6035,0.332
27140,0.204
11644,0.436
14441,0.366
6868,0.218
19013,0.146
13195,0.548
12281,0.89
19797,0.288
14787,0.142
27766,0.062
7809,0.264
20475,0.486
27071,0.89
11997,0.328
12756,0.184
3316,0.088
3840,0.268
13148,0.316
15273,0.078
20037,0.404
13302,0.33
5379,0.228
24915,0.404
19079,0.118
3939,0.288
4688,0.854
9693,0.102
7690,0.384
25449,0.242
14685,0.242
24834,0.612
10836,0.312
8218,0.346
13144,0.55
9796,0.136
14366,0.532
3595,0.14
2694,0.468
996,0.502
3210,0.45
11770,0.25
28290,0.17
12858,0.246
23350,0.122
13613,0.198
14412,0.306
18176,0.532
5354,0.166
23763,0.294
17638,0.272
23575,0.92
15242,0.246
12708,0.324
23891,0.33
7801,0.236
6502,0.17
28751,0.238
9538,0.106
26581,0.156
10755,0.224
8544,0.308
28138,0.072
21796,0.194
1482,0.116
2445,0.162
4419,0.266
19722,0.116
17702,0.814
22551,0.218
27385,0.702
3102,0.154
28209,0.252
14867,0.284
17933,0.094
14546,0.72
19519,0.142
23504,0.064
5460,0.44
29327,0.086
5732,0.466
13355,0.034
24785,0.162
24830,0.332
8616,0.358
9378,0.104
3426,0.054
26168,0.568
5627,0.116
9626,0.24
15108,0.414
7379,0.23
24958,0.132
9986,0.184
9044,0.206
22327,0.198
5377,0.3
17896,0.628
27364,0.29
8145,0.472
14764,0.088
25740,0.044
10421,0.456
25357,0.138
24784,0.332
17227,0.196
11134,0.25
26109,0.146
20252,0.292
22188,0.138
24799,0.588
22050,0.252
22503,0.052
11482,0.134
1323,0.256
23652,0.472
6319,0.542
15364,0.276
24621,0.18
19570,0.146
26568,0.056
19774,0.084
10992,0.306
23492,0.312
503,0.306
10765,0.684
20683,0.152
9575,0.054
27726,0.338
25295,0.24
14229,0.068
9328,0.606
26945,0.258
19327,0.246
16074,0.382
12613,0.268
13252,0.236
29434,0.336
8471,0.678
12680,0.374
18223,0.47
29571,0.318
15452,0.236
18773,0.68
6202,0.138
21926,0.122
11253,0.136
13096,0.382
26849,0.656
1603,0.114
6095,0.408
18843,0.142
29314,0.18
9185,0.18
25317,0.1
21208,0.254
6865,0.234
29598,0.314
25609,0.116
1033,0.03
28241,0.154
22396,0.268
20001,0.304
26639,0.128
5337,0.186
20575,0.018
9162,0.246
12953,0.384
7606,0.07
3844,0.214
18740,0.198
25960,0.478
9358,0.172
13438,0.728
4689,0.618
20498,0.292
28790,0.228
11605,0.432
23363,0.026
14251,0.628
19369,0.082
1056,0.372
8768,0.808
5841,0.242
12471,0.304
1183,0.208
11818,0.602
21071,0.062
24380,0.364
4641,0.404
9831,0.35
1347,0.28
15729,0.15
27564,0.264
15687,0.462
28160,0.038
263,0.114
4393,0.172
23794,0.066
18726,0.112
27013,0.57
16367,0.222
10104,0.41
25714,0.188
29374,0.418
5312,0.18
22951,0.192
28029,0.296
21507,0.506
5094,0.216
150,0.554
3229,0.142
8318,0.354
20297,0.42
13819,0.27
7428,0.106
12378,0.474
10676,0.252
8105,0.39
18762,0.136
20572,0.338
25322,0.046
11840,0.308
20730,0.406
22233,0.188
29228,0.562
9048,0.13
18204,0.166
5511,0.338
20821,0.19
19428,0.266
13497,0.32
8407,0.972
19042,0.776
22684,0.024
17989,0.454
25596,0.334
28005,0.02
6281,0.66
5195,0.216
27574,0.332
4679,0.668
7889,0.772
23300,0.2
26682,0.294
24707,0.07
16804,0.514
13102,0.352
22405,0.072
24222,0.272
8242,0.168
6631,0.05
315,0.226
20320,0.098
15505,0.66
1915,0.166
17802,0.2
5706,0.09
22552,0.118
11316,0.366
24962,0.806
24079,0.324
26001,0.53
6892,0.118
24092,0.746
24344,0.306
24675,0.268
15579,0.39
2117,0.492
10405,0.63
2813,0.292
7510,0.102
26349,0.156
27000,0.32
11919,0.268
26647,0.788
290,0.36
17557,0.088
12981,0.37
16809,0.236
23351,0.204
23566,0.036
15777,0.668
2214,0.33
22179,0.098
6108,0.72
7363,0.488
875,0.216
5219,0.312
3993,0.346
23476,0.014
22981,0.076
14726,0.198
11358,0.302
9008,0.278
29210,0.578
9423,0.192
20930,0.514
5107,0.214
21498,0.218
29005,0.192
2588,0.128
22265,0.028
10210,0.434
15006,0.062
14189,0.232
8141,0.22
1729,0.796
22948,0.218
26305,0.246
29420,0.522
1387,0.684
8267,0.348
26670,0.244
17978,0.178
2375,0.786
13955,0.196
1133,0.636
14316,0.142
6899,0.226
28652,0.11
2592,0.194
14280,0.606
12850,0.31
9792,0.424
27035,0.142
2300,0.842
10132,0.756
5405,0.26
11359,0.894
7934,0.304
10018,0.228
15440,0.304
14117,0.404
25123,0.328
19004,0.106
11014,0.346
12958,0.698
26672,0.502
20479,0.334
2501,0.076
14972,0.5
20787,0.096
24141,0.132
26901,0.678
12422,0.184
23999,0.594
24816,0.334
20844,0.298
18927,0.634
16488,0.294
167,0.496
26970,0.678
11097,0.162
13962,0.71
1644,0.62
14483,0.702
2414,0.454
16539,0.4
4525,0.182
14810,0.45
3612,0.234
25582,0.07
24710,0.198
16758,0.502
2760,0.29
13387,0.304
25461,0.046
21009,0.542
9683,0.194
3503,0.22
247,0.252
15593,0.876
25903,0.316
24573,0.582
17571,0.284
450,0.52
487,0.352
19294,0.122
16349,0.14
5260,0.74
27015,0.256
13486,0.748
16552,0.236
25186,0.368
8042,0.486
12023,0.394
27226,0.174
29280,0.052
20373,0.668
1063,0.274
4449,0.008
21522,0.48
1114,0.196
13710,0.422
29116,0.288
16572,0.088
22885,0.358
21234,0.15
14066,0.794
3001,0.168
15190,0.622
16728,0.61
6112,0.238
4480,0.534
21117,0.152
8494,0.562
17581,0.752
1662,0.372
26929,0.752
28705,0.32
5455,0.464
22636,0.082
23586,0.192
17628,0.568
26528,0.068
14795,0.742
15278,0.332
21554,0.112
10670,0.176
16249,0.578
9642,0.144
20299,0.074
21244,0.33
20344,0.054
22269,0.054
24966,0.706
3197,0.288
5548,0.144
13106,0.758
19801,0.52
9841,0.354
20986,0.91
5971,0.64
8136,0.088
11903,0.092
1371,0.136
23861,0.472
17256,0.744
1106,0.132
18882,0.154
4026,0.132
9568,0.292
16918,0.512
720,0.188
28754,0.218
13164,0.164
5532,0.228
7930,0.3
20838,0.758
15862,0.428
5383,0.724
26889,0.602
1086,0.09
25930,0.104
8819,0.46
20290,0.636
27478,0.148
29461,0.186
23080,0.552
26249,0.164
29087,0.494
12711,0.194
17979,0.356
16599,0.61
19691,0.126
7752,0.588
17465,0.174
12912,0.536
8714,0.262
17443,0.396
2145,0.326
16657,0.162
26299,0.146
25590,0.75
20487,0.168
25105,0.268
20451,0.434
11832,0.104
1311,0.534
28086,0.12
5601,0.28
3608,0.26
28085,0.374
21784,0.036
13876,0.8
4375,0.51
4128,0.2
9598,0.044
2639,0.356
4036,0.464
20582,0.366
24004,0.288
23069,0.484
18128,0.506
5466,0.778
3035,0.854
601,0.276
23129,0.128
25463,0.14
8124,0.86
25624,0.066
7514,0.15
11955,0.278
29989,0.32
5662,0.244
21426,0.162
6663,0.09
409,0.138
6847,0.032
6352,0.628
16914,0.682
3350,0.792
13524,0.09
4152,0.14
24018,0.21
24447,0.078
23261,0.4
22697,0.224
5513,0.166
5621,0.35
11807,0.092
14734,0.58
27786,0.21
18332,0.072
221,0.344
7417,0.15
14813,0.32
10297,0.364
28939,0.122
10369,0.698
25550,0.156
5172,0.204
23956,0.304
24181,0.462
380,0.21
9253,0.464
649,0.56
11764,0.1
13974,0.228
7456,0.122
23452,0.066
1822,0.126
27383,0.302
17281,0.432
11686,0.182
21107,0.828
2152,0.204
12135,0.156
16891,0.446
607,0.182
3589,0.676
6198,0.634
18429,0.784
21154,0.268
8846,0.634
14960,0.084
23770,0.06
7886,0.274
29721,0.29
9112,0.154
18314,0.748
22231,0.116
23122,0.048
23534,0.164
22730,0.126
3421,0.348
10354,0.708
11852,0.692
18087,0.198
4252,0.342
26294,0.422
15541,0.204
23280,0.07
7794,0.262
12483,0.248
22435,0.27
11237,0.372
15865,0.19
14402,0.72
7841,0.244
19304,0.34
14177,0.292
27546,0.466
6390,0.102
21362,0.502
9542,0.42
11603,0.088
7488,0.282
231,0.432
3272,0.186
26279,0.3
14891,0.882
4902,0.784
9559,0.276
7955,0.502
7070,0.764
13141,0.208
14049,0.19
75,0.318
21841,0.312
5770,0.822
1108,0.266
26004,0.128
7745,0.448
2209,0.124
8255,0.37
2386,0.172
748,0.25
16287,0.28
25670,0.062
17203,0.936
19683,0.338
7467,0.164
2359,0.132
1599,0.412
476,0.33
25194,0.212
21294,0.082
11715,0.32
15459,0.624
4048,0.39
8474,0.216
22722,0.152
9527,0.358
11611,0.172
259,0.768
27911,0.302
18137,0.652
24764,0.34
13405,0.702
11617,0.32
23831,0.018
3537,0.66
7821,0.604
10063,0.258
16883,0.246
13837,0.228
25893,0.23
9960,0.28
29700,0.662
2701,0.226
26467,0.088
8628,0.098
4455,0.626
20886,0.204
22807,0.096
18664,0.072
9020,0.062
6557,0.538
9787,0.736
17526,0.266
28244,0.254
11125,0.068
6308,0.266
2619,0.244
3504,0.556
27403,0.168
19425,0.204
8743,0.146
8231,0.196
16263,0.21
1796,0.636
15085,0.276
18535,0.192
12766,0.244
12296,0.224
12341,0.282
16773,0.536
28775,0.324
14433,0.276
4685,0.162
26743,0.622
12978,0.634
8304,0.134
27152,0.108
4097,0.056
5883,0.738
17184,0.108
2740,0.356
25546,0.686
9632,0.572
18150,0.348
27110,0.592
8170,0.158
12362,0.472
20523,0.672
17971,0.584
8518,0.2
20077,0.106
20728,0.196
6604,0.37
28192,0.198
13719,0.944
20092,0.154
14492,0.308
8617,0.526
2864,0.784
16255,0.244
20210,0.832
19791,0.218
25858,0.346
20211,0.354
8332,0.306
22969,0.226
10597,0.778
3988,0.33
20780,0.646
2350,0.2
5754,0.604
14602,0.128
22613,0.222
9629,0.174
6453,0.58
15097,0.19
18865,0.574
15380,0.01
20490,0.416
6965,0.272
4003,0.308
9329,0.338
3002,0.7
13912,0.424
16036,0.1
734,0.222
25252,0.736
17211,0.166
28925,0.168
6625,0.304
14936,0.052
19813,0.332
11828,0.266
27346,0.268
24189,0.2
5665,0.342
4982,0.262
12994,0.208
14585,0.272
10311,0.162
21148,0.508
20496,0.67
4471,0.096
6596,0.176
6241,0.23
11259,0.534
6120,0.86
22624,0.044
10042,0.716
25018,0.616
15139,0.228
1580,0.26
26481,0.464
1911,0.176
7217,0.228
91,0.214
15292,0.114
188,0.318
9362,0.168
10859,0.56
7024,0.16
5477,0.326
20160,0.148
18374,0.24
321,0.144
13549,0.18
4740,0.702
22287,0.412
4291,0.214
21043,0.754
14321,0.136
194,0.438
2830,0.448
11904,0.29
25666,0.174
14712,0.17
2516,0.164
27951,0.644
15516,0.31
12887,0.1
29154,0.666
7325,0.09
28430,0.068
756,0.16
7251,0.458
7759,0.774
29656,0.404
26424,0.118
1747,0.24
12531,0.234
20386,0.066
1052,0.442
19842,0.686
2444,0.398
25738,0.148
11048,0.316
28599,0.678
16777,0.312
24732,0.566
13614,0.116
20921,0.566
11145,0.214
7136,0.236
19427,0.056
20440,0.84
4793,0.04
29158,0.238
19979,0.116
10563,0.372
14323,0.374
4730,0.044
29500,0.85
13346,0.29
7487,0.198
18858,0.072
14161,0.542
10890,0.542
3753,0.274
9473,0.334
15610,0.172
10011,0.18
27024,0.91
1808,0.214
17962,0.134
5038,0.236
16420,0.048
4814,0.406
24235,0.318
4416,0.442
6872,0.154
23582,0.29
25573,0.25
20631,0.366
28113,0.124
22795,0.164
22110,0.108
22995,0.072
2937,0.13
17128,0.318
19922,0.074
5216,0.322
6594,0.396
18399,0.028
15904,0.146
12833,0.112
15324,0.142
17980,0.282
3884,0.404
19876,0.122
18089,0.284
10865,0.24
16752,0.412
2769,0.396
24154,0.828
6726,0.714
26451,0.314
11478,0.208
11131,0.184
8457,0.31
12102,0.294
7753,0.576
11655,0.298
11947,0.252
19088,0.452
24638,0.264
19368,0.538
27926,0.118
19386,0.44
14148,0.496
16107,0.796
14564,0.308
17112,0.27
24050,0.36
6206,0.46
11487,0.092
18737,0.354
18720,0.772
16024,0.166
26703,0.178
16361,0.13
11830,0.684
22340,0.07
14569,0.704
16096,0.158
3082,0.16
26625,0.17
15137,0.298
10950,0.198
18507,0.664
23318,0.08
17,0.284
9607,0.526
27428,0.362
27052,0.366
18085,0.734
24017,0.202
13693,0.418
17210,0.082
18937,0.112
2435,0.302
21913,0.58
18543,0.126
27986,0.078
9098,0.928
18370,0.786
1493,0.156
2008,0.296
14582,0.404
5222,0.258
5227,0.25
17712,0.772
26509,0.226
11592,0.272
12904,0.878
2269,0.414
17435,0.178
22968,0.582
16431,0.536
1801,0.418
10373,0.064
15189,0.536
8416,0.274
10056,0.428
9251,0.836
10256,0.542
6921,0.206
26244,0.558
10911,0.156
1303,0.772
21099,0.678
24182,0.02
12555,0.256
24097,0.608
2734,0.134
24779,0.432
19332,0.186
23689,0.52
2546,0.158
5114,0.05
20040,0.224
12107,0.476
27959,0.444
4560,0.214
2195,0.376
6742,0.052
1703,0.298
17103,0.432
1290,0.386
16189,0.112
28495,0.308
7516,0.408
25587,0.476
24810,0.524
26352,0.106
11011,0.278
25256,0.26
4678,0.318
24349,0.438
13049,0.566
16745,0.454
5908,0.136
12396,0.238
16067,0.268
396,0.236
5864,0.462
9737,0.104
6778,0.086
25284,0.3
18355,0.096
27684,0.114
4110,0.35
12522,0.512
15279,0.72
8980,0.226
27062,0.148
12148,0.188
1595,0.39
13835,0.368
27176,0.44
7916,0.29
25844,0.696
26291,0.072
6138,0.29
20198,0.132
26864,0.454
25921,0.132
20191,0.09
24831,0.316
11057,0.18
29064,0.804
7668,0.186
14173,0.414
482,0.208
772,0.568
11021,0.26
22976,0.082
29109,0.53
25786,0.344
7839,0.766
7602,0.224
27205,0.4
17684,0.222
29128,0.292
17738,0.396
13836,0.26
5098,0.176
26913,0.526
2232,0.188
24572,0.326
17192,0.092
18883,0.048
26893,0.338
29209,0.306
2784,0.494
19371,0.198
8769,0.308
3581,0.544
23859,0.114
7974,0.164
21840,0.72
2319,0.202
21373,0.128
6745,0.078
20509,0.154
1807,0.158
9736,0.078
12332,0.634
21385,0.494
7822,0.084
17676,0.484
9758,0.112
8151,0.156
26651,0.8
11428,0.052
21836,0.136
18289,0.262
27947,0.496
19970,0.48
23316,0.056
3399,0.344
27823,0.61
3919,0.224
26773,0.618
20152,0.27
12027,0.152
25174,0.592
3214,0.664
15624,0.476
24369,0.154
16822,0.608
11568,0.26
25293,0.21
28674,0.102
8135,0.298
11869,0.384
18391,0.06
24969,0.852
3181,0.05
3757,0.164
28377,0.06
22898,0.272
17242,0.316
8213,0.396
9069,0.262
13816,0.396
9154,0.102
13371,0.382
16443,0.38
3616,0.336
18911,0.156
3541,0.142
10439,0.414
11535,0.11
1743,0.276
13488,0.806
10149,0.078
4950,0.174
9535,0.238
1675,0.292
14105,0.318
119,0.198
24918,0.066
25635,0.084
5047,0.072
4119,0.184
16860,0.198
23438,0.292
3986,0.528
22811,0.334
25771,0.108
13684,0.562
10483,0.214
15827,0.018
5382,0.248
8672,0.136
20679,0.388
22932,0.284
8048,0.824
3142,0.284
13950,0.392
27963,0.19
520,0.562
385,0.288
12111,0.086
28356,0.108
27606,0.41
28370,0.364
7542,0.172
18578,0.21
12428,0.222
20222,0.122
2449,0.856
27983,0.452
7104,0.022
25437,0.088
438,0.464
27131,0.558
5929,0.1
168,0.276
26980,0.474
6355,0.302
3978,0.29
24609,0.188
21232,0.388
26760,0.076
3609,0.12
9353,0.242
9124,0.218
4696,0.214
24899,0.868
28183,0.314
24684,0.7
681,0.058
12639,0.338
28876,0.304
6014,0.302
8575,0.794
27194,0.302
2135,0.08
13366,0.192
7305,0.312
16411,0.138
29097,0.248
17559,0.506
15267,0.768
459,0.46
25568,0.114
6169,0.224
15741,0.434
4371,0.132
28056,0.496
8337,0.852
24437,0.084
12035,0.902
21897,0.058
13726,0.242
29835,0.186
14044,0.708
1201,0.156
21382,0.538
22406,0.044
13166,0.366
24663,0.178
13725,0.164
2662,0.224
18947,0.836
10282,0.044
1978,0.248
7241,0.142
12667,0.15
20800,0.266
20675,0.748
7302,0.23
17163,0.166
28588,0.46
8557,0.09
7891,0.362
11866,0.186
19244,0.342
1940,0.192
28180,0.198
2528,0.082
2420,0.378
8374,0.378
16015,0.248
4106,0.122
13781,0.19
10645,0.23
29367,0.294
12227,0.1
13758,0.06
5393,0.214
4194,0.594
1075,0.2
22319,0.38
17670,0.094
7555,0.71
17838,0.384
1397,0.502
29244,0.238
19349,0.142
17710,0.678
28479,0.204
23178,0.234
14495,0.052
10963,0.832
836,0.81
11056,0.116
24143,0.234
14293,0.108
17083,0.58
27976,0.146
2020,0.2
22117,0.038
18900,0.126
14395,0.246
24379,0.21
6918,0.168
23982,0.258
9534,0.088
15983,0.648
16828,0.154
27393,0.802
20650,0.35
26560,0.742
21704,0.222
133,0.53
1334,0.314
24055,0.35
6779,0.548
7,0.398
4705,0.248
6672,0.142
26461,0.17
18506,0.108
24561,0.378
10545,0.44
22535,0.248
29610,0.238
20226,0.43
4715,0.158
9426,0.226
5181,0.244
21614,0.208
23422,0.464
12524,0.696
12694,0.948
18112,0.156
4085,0.214
24040,0.248
25910,0.11
4293,0.14
25555,0.548
27183,0.072
4223,0.15
16741,0.212
23980,0.17
13462,0.32
19048,0.104
12829,0.438
7094,0.284
8856,0.794
5584,0.226
8282,0.118
23817,0.368
13361,0.166
5053,0.058
4068,0.386
24493,0.368
28392,0.416
964,0.218
17395,0.78
15297,0.172
25532,0.916
27941,0.192
13916,0.07
14580,0.03
22311,0.202
9299,0.57
25737,0.24
11798,0.14
20458,0.394
23153,0.1
20261,0.102
9618,0.168
13326,0.384
10125,0.392
2173,0.112
26816,0.196
27849,0.606
14068,0.208
15322,0.398
7223,0.61
8510,0.078
8054,0.058
23372,0.058
5048,0.644
7091,0.19
18288,0.258
9707,0.268
22120,0.258
28042,0.35
14118,0.088
14268,0.33
3438,0.29
103,0.182
26335,0.12
29529,0.334
24432,0.144
4211,0.268
27780,0.176
25106,0.352
19034,0.29
14938,0.078
828,0.27
9653,0.152
20907,0.396
23374,0.4
5211,0.462
15609,0.226
22289,0.298
27982,0.184
29712,0.23
19202,0.144
29149,0.48
2434,0.612
24545,0.018
23887,0.468
22411,0.256
7908,0.192
17366,0.47
11747,0.086
13069,0.21
15944,0.07
20078,0.376
26141,0.098
3366,0.324
16461,0.634
19571,0.354
21530,0.634
20965,0.014
17605,0.324
13059,0.51
10829,0.118
26368,0.158
8615,0.48
24916,0.114
26336,0.178
15311,0.27
14656,0.076
4879,0.184
12068,0.646
9089,0.514
4202,0.414
27744,0.064
25082,0.084
25474,0.186
8373,0.7
25902,0.214
18226,0.29
15466,0.774
13019,0.234
2030,0.286
19620,0.17
10175,0.262
6379,0.672
5174,0.122
28487,0.098
23581,0.532
12608,0.376
28182,0.068
13820,0.228
2225,0.308
21024,0.632
25277,0.062
22872,0.278
21818,0.23
29653,0.208
16649,0.67
14784,0.146
26793,0.062
19743,0.242
3328,0.164
11567,0.174
22060,0.836
19075,0.682
12860,0.412
12384,0.446
18962,0.14
29629,0.18
27438,0.094
4043,0.444
11680,0.346
16632,0.362
8900,0.434
20007,0.538
24667,0.214
478,0.512
22825,0.098
18568,0.118
3461,0.352
22883,0.38
26910,0.694
6091,0.188
14762,0.414
20140,0.506
15375,0.11
20115,0.182
22035,0.126
29354,0.454
25166,0.166
13924,0.09
7585,0.148
647,0.08
970,0.206
4258,0.246
15968,0.246
7698,0.096
20599,0.276
19358,0.754
20196,0.048
29775,0.48
22023,0.224
24695,0.392
22378,0.048
1009,0.128
7924,0.116
15446,0.37
4306,0.186
29837,0.212
4015,0.548
4101,0.196
14014,0.184
12094,0.31
18493,0.108
3226,0.064
326,0.47
14012,0.284
19986,0.16
26673,0.412
11928,0.628
4990,0.476
29455,0.53
10324,0.368
6612,0.4
9267,0.236
19849,0.048
2194,0.464
4745,0.604
23302,0.188
10549,0.35
29581,0.096
8867,0.762
28952,0.104
7090,0.062
25451,0.212
23860,0.19
21198,0.894
4774,0.952
25447,0.214
18871,0.234
15621,0.03
23240,0.176
28437,0.134
29023,0.124
20623,0.318
6399,0.618
5117,0.16
18398,0.092
23573,0.218
16305,0.466
16723,0.202
20378,0.576
17767,0.176
21489,0.282
17467,0.064
2748,0.418
13351,0.086
8403,0.032
24130,0.582
14475,0.1
1006,0.154
5561,0.5
21135,0.33
3942,0.372
26797,0.37
10823,0.136
20535,0.188
11195,0.506
18906,0.1
12825,0.636
7178,0.244
27382,0.12
11266,0.91
23235,0.078
134,0.25
26804,0.43
19313,0.182
19140,0.16
16591,0.542
3351,0.14
21332,0.146
3200,0.304
11598,0.364
13748,0.226
24110,0.386
10904,0.276
10356,0.57
6802,0.1
7739,0.048
22307,0.316
27335,0.368
29063,0.22
28064,0.234
316,0.114
146,0.134
9804,0.1
21265,0.62
14791,0.53
17782,0.226
25954,0.194
5803,0.09
10098,0.598
26671,0.568
9406,0.452
9295,0.44
9666,0.024
6341,0.858
16144,0.054
8604,0.22
25349,0.312
819,0.156
4463,0.164
10260,0.11
9658,0.528
3486,0.176
10557,0.57
25993,0.216
24891,0.274
8688,0.208
24252,0.504
14603,0.318
7220,0.238
3111,0.522
8517,0.022
18006,0.144
17984,0.256
8140,0.576
21078,0.33
19017,0.24
14197,0.28
2495,0.296
16606,0.266
14315,0.22
5940,0.19
8188,0.408
2505,0.75
23301,0.674
23530,0.052
23378,0.312
9163,0.474
23825,0.598
16113,0.114
13181,0.366
12900,0.234
22172,0.432
25297,0.344
21553,0.072
27053,0.872
15817,0.168
25759,0.086
21058,0.158
14865,0.61
11216,0.37
1011,0.356
15953,0.248
14061,0.048
17875,0.204
8643,0.316
1034,0.284
6887,0.54
2270,0.188
696,0.37
21298,0.206
11229,0.48
3704,0.244
12024,0.86
23801,0.13
1451,0.346
15397,0.332
9826,0.138
7497,0.176
2790,0.284
9125,0.132
3305,0.222
5516,0.83
18750,0.064
27375,0.278
12902,0.284
23163,0.148
13756,0.31
28030,0.15
27374,0.338
9739,0.418
10347,0.35
28124,0.236
25319,0.046
22659,0.112
12461,0.294
15555,0.632
1888,0.552
22154,0.49
22397,0.52
9849,0.122
5550,0.334
27273,0.578
19930,0.198
25381,0.822
5685,0.224
1413,0.26
20962,0.508
1562,0.228
7346,0.512
25818,0.116
4684,0.178
26579,0.78
8139,0.574
5259,0.314
29215,0.24
3623,0.144
12754,0.136
16095,0.624
24423,0.818
19737,0.69
180,0.306
17664,0.038
27828,0.112
18208,0.556
22242,0.022
13744,0.658
5589,0.222
469,0.296
29079,0.302
29533,0.55
2166,0.184
1027,0.094
11180,0.77
8570,0.198
1423,0.226
14861,0.946
18692,0.264
13321,0.276
6912,0.312
8393,0.072
18236,0.4
10228,0.374
29577,0.288
22952,0.182
13793,0.26
1192,0.126
26360,0.066
22661,0.53
23643,0.14
28279,0.26
5880,0.17
4157,0.144
2559,0.35
13365,0.48
22855,0.426
26135,0.22
17583,0.182
3734,0.266
13827,0.368
17390,0.472
18599,0.03
29556,0.752
22773,0.612
3860,0.262
5879,0.2
27069,0.116
22111,0.706
2604,0.168
22371,0.322
5102,0.602
13599,0.214
1297,0.226
13572,0.18
21203,0.356
635,0.426
9440,0.372
24811,0.34
11945,0.328
22863,0.078
7191,0.592
7474,0.814
29605,0.378
19350,0.736
21404,0.252
4859,0.072
15067,0.248
20135,0.296
12162,0.922
7438,0.268
11839,0.122
25023,0.348
11020,0.17
27531,0.192
7306,0.414
13220,0.338
4059,0.224
23898,0.744
15019,0.284
23382,0.884
3126,0.638
16358,0.462
11817,0.67
9645,0.284
8340,0.494
24537,0.554
29,0.22
18831,0.146
18747,0.59
15974,0.17
12864,0.13
21187,0.318
3362,0.21
11124,0.312
19980,0.12
9040,0.57
3668,0.492
10820,0.11
26700,0.056
4345,0.122
19504,0.366
2644,0.516
18280,0.536
29750,0.32
1869,0.708
25757,0.098
960,0.456
984,0.29
25063,0.106
6434,0.51
27551,0.278
29891,0.312
19319,0.374
24655,0.254
13000,0.538
26154,0.41
28928,0.178
13251,0.256
13416,0.096
15382,0.468
21156,0.486
28765,0.154
24010,0.202
16795,0.156
4387,0.448
7671,0.27
9149,0.69
13582,0.136
2981,0.712
3202,0.114
20228,0.208
25223,0.562
15631,0.094
14360,0.358
8477,0.254
1259,0.394
10463,0.036
8944,0.736
12513,0.276
5729,0.296
11746,0.138
11081,0.38
12933,0.056
15626,0.328
29331,0.122
15730,0.692
12093,0.828
10469,0.222
5194,0.114
4057,0.256
22094,0.796
9685,0.182
9159,0.104
28163,0.62
7161,0.174
20209,0.242
16430,0.152
16769,0.328
22374,0.648
22719,0.1
16951,0.118
14637,0.636
25014,0.294
1429,0.118
17620,0.12
12189,0.158
25640,0.14
26378,0.88
3502,0.078
5514,0.162
9870,0.89
27221,0.766
1563,0.414
21317,0.852
24365,0.206
6983,0.442
4400,0.376
8692,0.258
27892,0.068
12725,0.08
17527,0.082
28960,0.198
12291,0.278
28127,0.512
25564,0.352
1611,0.164
27931,0.094
15697,0.572
8344,0.114
15071,0.546
18116,0.862
10742,0.4
8119,0.308
24066,0.46
14428,0.724
16736,0.232
9273,0.12
12517,0.404
17403,0.406
1514,0.136
9753,0.018
20941,0.35
4010,0.088
18552,0.142
139,0.34
29540,0.64
10316,0.5
26828,0.33
12535,0.51
19973,0.146
29221,0.204
2254,0.242
17394,0.174
18940,0.224
26978,0.522
23699,0.318
6504,0.038
23998,0.312
25625,0.04
8880,0.432
19346,0.536
3418,0.594
5687,0.126
27971,0.424
20415,0.364
25572,0.15
17239,0.972
21297,0.784
13082,0.25
4824,0.518
3686,0.816
7757,0.552
19833,0.052
10193,0.218
20465,0.56
2290,0.658
4472,0.182
5478,0.09
19207,0.098
17311,0.258
24923,0.09
10624,0.116
27338,0.186
27904,0.77
4153,0.094
29324,0.152
208,0.166
29620,0.58
12795,0.232
15684,0.164
23057,0.06
2605,0.552
14143,0.65
2587,0.218
6662,0.568
18494,0.272
13408,0.184
16162,0.712
28748,0.622
11038,0.546
22460,0.2
24671,0.374
13267,0.594
27201,0.13
2870,0.156
21434,0.338
7571,0.204
22442,0.28
10290,0.124
27022,0.198
20912,0.42
21047,0.288
2905,0.248
22946,0.254
2702,0.226
6072,0.4
24137,0.156
22675,0.372
2351,0.642
12361,0.624
11642,0.336
16492,0.266
12114,0.302
1751,0.964
2299,0.396
14272,0.31
5775,0.2
14185,0.196
7628,0.676
12022,0.834
17477,0.57
15376,0.018
16922,0.592
24551,0.312
1640,0.592
15443,0.524
24368,0.272
15550,0.8
2492,0.36
24607,0.696
5317,0.242
22494,0.712
16985,0.092
28620,0.146
12784,0.312
29879,0.156
6720,0.346
6280,0.206
22354,0.14
17097,0.2
20090,0.208
20807,0.388
20971,0.33
20948,0.774
19339,0.172
19752,0.668
26686,0.65
5032,0.108
26515,0.102
3110,0.43
17679,0.148
13981,0.212
23653,0.132
25618,0.106
11809,0.422
22322,0.166
6803,0.31
23107,0.096
25675,0.496
6442,0.188
24835,0.41
25353,0.504
29920,0.542
2210,0.238
14144,0.58
23108,0.458
25703,0.25
29171,0.148
